"WL(nm)","Spectrum","Spectrum(W/nm)",
"380.0","0.0089","1.7847e-005",
"380.2","0.0087","1.7417e-005",
"380.4","0.0081","1.6328e-005",
"380.6","0.0072","1.4535e-005",
"380.8","0.0068","1.3717e-005",
"381.0","0.0071","1.4292e-005",
"381.2","0.0073","1.4602e-005",
"381.4","0.0071","1.4301e-005",
"381.6","0.0071","1.4185e-005",
"381.8","0.0071","1.4197e-005",
"382.0","0.0068","1.3612e-005",
"382.2","0.0063","1.2730e-005",
"382.4","0.0063","1.2639e-005",
"382.6","0.0065","1.3039e-005",
"382.8","0.0065","1.3100e-005",
"383.0","0.0065","1.2970e-005",
"383.2","0.0065","1.2946e-005",
"383.4","0.0065","1.2950e-005",
"383.6","0.0064","1.2896e-005",
"383.8","0.0064","1.2767e-005",
"384.0","0.0062","1.2510e-005",
"384.2","0.0061","1.2218e-005",
"384.4","0.0060","1.1986e-005",
"384.6","0.0058","1.1626e-005",
"384.8","0.0055","1.0972e-005",
"385.0","0.0053","1.0553e-005",
"385.2","0.0053","1.0698e-005",
"385.4","0.0054","1.0814e-005",
"385.6","0.0053","1.0669e-005",
"385.8","0.0053","1.0724e-005",
"386.0","0.0055","1.1064e-005",
"386.2","0.0056","1.1149e-005",
"386.4","0.0055","1.0944e-005",
"386.6","0.0056","1.1149e-005",
"386.8","0.0058","1.1672e-005",
"387.0","0.0058","1.1653e-005",
"387.2","0.0055","1.1134e-005",
"387.4","0.0053","1.0554e-005",
"387.6","0.0050","1.0079e-005",
"387.8","0.0049","9.9233e-006",
"388.0","0.0050","1.0012e-005",
"388.2","0.0051","1.0294e-005",
"388.4","0.0053","1.0556e-005",
"388.6","0.0052","1.0492e-005",
"388.8","0.0051","1.0184e-005",
"389.0","0.0048","9.5476e-006",
"389.2","0.0045","9.0378e-006",
"389.4","0.0046","9.1925e-006",
"389.6","0.0047","9.4327e-006",
"389.8","0.0047","9.4099e-006",
"390.0","0.0046","9.3019e-006",
"390.2","0.0046","9.1445e-006",
"390.4","0.0046","9.2412e-006",
"390.6","0.0049","9.7562e-006",
"390.8","0.0051","1.0234e-005",
"391.0","0.0052","1.0463e-005",
"391.2","0.0052","1.0357e-005",
"391.4","0.0050","9.9897e-006",
"391.6","0.0050","9.9607e-006",
"391.8","0.0051","1.0313e-005",
"392.0","0.0053","1.0581e-005",
"392.2","0.0053","1.0598e-005",
"392.4","0.0050","1.0067e-005",
"392.6","0.0047","9.3405e-006",
"392.8","0.0046","9.2716e-006",
"393.0","0.0048","9.6362e-006",
"393.2","0.0050","9.9557e-006",
"393.4","0.0050","1.0128e-005",
"393.6","0.0049","9.8912e-006",
"393.8","0.0048","9.6269e-006",
"394.0","0.0049","9.8480e-006",
"394.2","0.0051","1.0215e-005",
"394.4","0.0052","1.0488e-005",
"394.6","0.0053","1.0602e-005",
"394.8","0.0052","1.0366e-005",
"395.0","0.0051","1.0180e-005",
"395.2","0.0051","1.0313e-005",
"395.4","0.0052","1.0471e-005",
"395.6","0.0052","1.0516e-005",
"395.8","0.0052","1.0479e-005",
"396.0","0.0052","1.0376e-005",
"396.2","0.0052","1.0414e-005",
"396.4","0.0053","1.0637e-005",
"396.6","0.0053","1.0709e-005",
"396.8","0.0053","1.0616e-005",
"397.0","0.0054","1.0806e-005",
"397.2","0.0056","1.1252e-005",
"397.4","0.0058","1.1559e-005",
"397.6","0.0058","1.1624e-005",
"397.8","0.0056","1.1301e-005",
"398.0","0.0054","1.0883e-005",
"398.2","0.0055","1.1030e-005",
"398.4","0.0057","1.1533e-005",
"398.6","0.0060","1.2020e-005",
"398.8","0.0062","1.2419e-005",
"399.0","0.0063","1.2566e-005",
"399.2","0.0063","1.2612e-005",
"399.4","0.0063","1.2720e-005",
"399.6","0.0064","1.2885e-005",
"399.8","0.0066","1.3196e-005",
"400.0","0.0067","1.3397e-005",
"400.2","0.0066","1.3229e-005",
"400.4","0.0065","1.3096e-005",
"400.6","0.0066","1.3230e-005",
"400.8","0.0067","1.3488e-005",
"401.0","0.0069","1.3821e-005",
"401.2","0.0070","1.4059e-005",
"401.4","0.0070","1.4139e-005",
"401.6","0.0071","1.4229e-005",
"401.8","0.0072","1.4392e-005",
"402.0","0.0073","1.4586e-005",
"402.2","0.0074","1.4799e-005",
"402.4","0.0074","1.4926e-005",
"402.6","0.0075","1.5016e-005",
"402.8","0.0076","1.5292e-005",
"403.0","0.0078","1.5681e-005",
"403.2","0.0079","1.5843e-005",
"403.4","0.0079","1.5912e-005",
"403.6","0.0081","1.6192e-005",
"403.8","0.0083","1.6604e-005",
"404.0","0.0085","1.7011e-005",
"404.2","0.0087","1.7373e-005",
"404.4","0.0087","1.7540e-005",
"404.6","0.0088","1.7723e-005",
"404.8","0.0091","1.8234e-005",
"405.0","0.0093","1.8749e-005",
"405.2","0.0095","1.9025e-005",
"405.4","0.0096","1.9208e-005",
"405.6","0.0097","1.9370e-005",
"405.8","0.0098","1.9706e-005",
"406.0","0.0102","2.0416e-005",
"406.2","0.0105","2.1073e-005",
"406.4","0.0107","2.1506e-005",
"406.6","0.0109","2.1897e-005",
"406.8","0.0111","2.2344e-005",
"407.0","0.0113","2.2781e-005",
"407.2","0.0116","2.3250e-005",
"407.4","0.0119","2.3906e-005",
"407.6","0.0123","2.4678e-005",
"407.8","0.0125","2.5165e-005",
"408.0","0.0127","2.5393e-005",
"408.2","0.0128","2.5781e-005",
"408.4","0.0131","2.6330e-005",
"408.6","0.0135","2.7018e-005",
"408.8","0.0138","2.7793e-005",
"409.0","0.0142","2.8534e-005",
"409.2","0.0146","2.9259e-005",
"409.4","0.0150","3.0052e-005",
"409.6","0.0154","3.0854e-005",
"409.8","0.0157","3.1475e-005",
"410.0","0.0160","3.2136e-005",
"410.2","0.0165","3.3092e-005",
"410.4","0.0170","3.4084e-005",
"410.6","0.0174","3.4893e-005",
"410.8","0.0177","3.5585e-005",
"411.0","0.0180","3.6066e-005",
"411.2","0.0184","3.6879e-005",
"411.4","0.0191","3.8364e-005",
"411.6","0.0198","3.9664e-005",
"411.8","0.0201","4.0368e-005",
"412.0","0.0205","4.1224e-005",
"412.2","0.0211","4.2418e-005",
"412.4","0.0218","4.3668e-005",
"412.6","0.0223","4.4859e-005",
"412.8","0.0229","4.6043e-005",
"413.0","0.0235","4.7221e-005",
"413.2","0.0242","4.8628e-005",
"413.4","0.0250","5.0164e-005",
"413.6","0.0257","5.1611e-005",
"413.8","0.0264","5.2981e-005",
"414.0","0.0271","5.4480e-005",
"414.2","0.0280","5.6134e-005",
"414.4","0.0289","5.7959e-005",
"414.6","0.0298","5.9800e-005",
"414.8","0.0306","6.1502e-005",
"415.0","0.0314","6.3040e-005",
"415.2","0.0321","6.4386e-005",
"415.4","0.0328","6.5905e-005",
"415.6","0.0340","6.8239e-005",
"415.8","0.0352","7.0573e-005",
"416.0","0.0359","7.2078e-005",
"416.2","0.0367","7.3660e-005",
"416.4","0.0378","7.5809e-005",
"416.6","0.0389","7.8169e-005",
"416.8","0.0401","8.0572e-005",
"417.0","0.0413","8.2859e-005",
"417.2","0.0423","8.4895e-005",
"417.4","0.0434","8.7193e-005",
"417.6","0.0448","9.0010e-005",
"417.8","0.0461","9.2551e-005",
"418.0","0.0472","9.4668e-005",
"418.2","0.0484","9.7242e-005",
"418.4","0.0500","1.0038e-004",
"418.6","0.0513","1.0306e-004",
"418.8","0.0525","1.0539e-004",
"419.0","0.0540","1.0848e-004",
"419.2","0.0558","1.1202e-004",
"419.4","0.0574","1.1523e-004",
"419.6","0.0588","1.1807e-004",
"419.8","0.0602","1.2083e-004",
"420.0","0.0616","1.2364e-004",
"420.2","0.0634","1.2720e-004",
"420.4","0.0652","1.3091e-004",
"420.6","0.0667","1.3395e-004",
"420.8","0.0684","1.3719e-004",
"421.0","0.0706","1.4169e-004",
"421.2","0.0729","1.4635e-004",
"421.4","0.0748","1.5012e-004",
"421.6","0.0766","1.5378e-004",
"421.8","0.0784","1.5744e-004",
"422.0","0.0805","1.6149e-004",
"422.2","0.0828","1.6615e-004",
"422.4","0.0852","1.7095e-004",
"422.6","0.0874","1.7549e-004",
"422.8","0.0896","1.7982e-004",
"423.0","0.0918","1.8424e-004",
"423.2","0.0942","1.8917e-004",
"423.4","0.0969","1.9454e-004",
"423.6","0.0999","2.0043e-004",
"423.8","0.1029","2.0645e-004",
"424.0","0.1054","2.1153e-004",
"424.2","0.1076","2.1591e-004",
"424.4","0.1103","2.2148e-004",
"424.6","0.1138","2.2841e-004",
"424.8","0.1171","2.3501e-004",
"425.0","0.1202","2.4128e-004",
"425.2","0.1230","2.4690e-004",
"425.4","0.1258","2.5249e-004",
"425.6","0.1291","2.5903e-004",
"425.8","0.1324","2.6583e-004",
"426.0","0.1356","2.7210e-004",
"426.2","0.1385","2.7796e-004",
"426.4","0.1415","2.8401e-004",
"426.6","0.1447","2.9049e-004",
"426.8","0.1485","2.9809e-004",
"427.0","0.1524","3.0588e-004",
"427.2","0.1561","3.1327e-004",
"427.4","0.1597","3.2064e-004",
"427.6","0.1637","3.2848e-004",
"427.8","0.1675","3.3617e-004",
"428.0","0.1711","3.4348e-004",
"428.2","0.1747","3.5058e-004",
"428.4","0.1782","3.5769e-004",
"428.6","0.1820","3.6536e-004",
"428.8","0.1863","3.7399e-004",
"429.0","0.1906","3.8252e-004",
"429.2","0.1944","3.9022e-004",
"429.4","0.1986","3.9854e-004",
"429.6","0.2028","4.0712e-004",
"429.8","0.2070","4.1545e-004",
"430.0","0.2112","4.2383e-004",
"430.2","0.2149","4.3137e-004",
"430.4","0.2187","4.3889e-004",
"430.6","0.2234","4.4848e-004",
"430.8","0.2289","4.5943e-004",
"431.0","0.2335","4.6861e-004",
"431.2","0.2377","4.7704e-004",
"431.4","0.2420","4.8583e-004",
"431.6","0.2468","4.9539e-004",
"431.8","0.2517","5.0520e-004",
"432.0","0.2566","5.1508e-004",
"432.2","0.2614","5.2466e-004",
"432.4","0.2665","5.3496e-004",
"432.6","0.2718","5.4561e-004",
"432.8","0.2769","5.5586e-004",
"433.0","0.2816","5.6514e-004",
"433.2","0.2863","5.7458e-004",
"433.4","0.2919","5.8580e-004",
"433.6","0.2975","5.9703e-004",
"433.8","0.3026","6.0727e-004",
"434.0","0.3080","6.1819e-004",
"434.2","0.3138","6.2992e-004",
"434.4","0.3194","6.4110e-004",
"434.6","0.3245","6.5140e-004",
"434.8","0.3298","6.6197e-004",
"435.0","0.3354","6.7314e-004",
"435.2","0.3411","6.8455e-004",
"435.4","0.3471","6.9674e-004",
"435.6","0.3532","7.0886e-004",
"435.8","0.3589","7.2030e-004",
"436.0","0.3642","7.3108e-004",
"436.2","0.3692","7.4098e-004",
"436.4","0.3751","7.5285e-004",
"436.6","0.3815","7.6569e-004",
"436.8","0.3879","7.7866e-004",
"437.0","0.3945","7.9188e-004",
"437.2","0.4004","8.0364e-004",
"437.4","0.4060","8.1482e-004",
"437.6","0.4123","8.2752e-004",
"437.8","0.4192","8.4138e-004",
"438.0","0.4250","8.5295e-004",
"438.2","0.4308","8.6476e-004",
"438.4","0.4373","8.7763e-004",
"438.6","0.4437","8.9049e-004",
"438.8","0.4491","9.0143e-004",
"439.0","0.4546","9.1255e-004",
"439.2","0.4620","9.2721e-004",
"439.4","0.4692","9.4183e-004",
"439.6","0.4749","9.5320e-004",
"439.8","0.4810","9.6553e-004",
"440.0","0.4875","9.7855e-004",
"440.2","0.4939","9.9142e-004",
"440.4","0.5003","1.0042e-003",
"440.6","0.5073","1.0181e-003",
"440.8","0.5151","1.0340e-003",
"441.0","0.5221","1.0478e-003",
"441.2","0.5284","1.0605e-003",
"441.4","0.5346","1.0729e-003",
"441.6","0.5408","1.0856e-003",
"441.8","0.5475","1.0989e-003",
"442.0","0.5548","1.1136e-003",
"442.2","0.5622","1.1284e-003",
"442.4","0.5703","1.1447e-003",
"442.6","0.5773","1.1588e-003",
"442.8","0.5841","1.1724e-003",
"443.0","0.5913","1.1869e-003",
"443.2","0.5992","1.2027e-003",
"443.4","0.6060","1.2164e-003",
"443.6","0.6130","1.2304e-003",
"443.8","0.6213","1.2471e-003",
"444.0","0.6297","1.2638e-003",
"444.2","0.6371","1.2787e-003",
"444.4","0.6447","1.2941e-003",
"444.6","0.6541","1.3129e-003",
"444.8","0.6636","1.3320e-003",
"445.0","0.6710","1.3468e-003",
"445.2","0.6790","1.3628e-003",
"445.4","0.6870","1.3790e-003",
"445.6","0.6956","1.3963e-003",
"445.8","0.7042","1.4134e-003",
"446.0","0.7129","1.4308e-003",
"446.2","0.7205","1.4462e-003",
"446.4","0.7288","1.4627e-003",
"446.6","0.7375","1.4803e-003",
"446.8","0.7462","1.4978e-003",
"447.0","0.7563","1.5180e-003",
"447.2","0.7647","1.5348e-003",
"447.4","0.7727","1.5510e-003",
"447.6","0.7806","1.5667e-003",
"447.8","0.7884","1.5823e-003",
"448.0","0.7964","1.5986e-003",
"448.2","0.8047","1.6152e-003",
"448.4","0.8145","1.6349e-003",
"448.6","0.8248","1.6556e-003",
"448.8","0.8340","1.6739e-003",
"449.0","0.8410","1.6880e-003",
"449.2","0.8482","1.7025e-003",
"449.4","0.8565","1.7192e-003",
"449.6","0.8652","1.7366e-003",
"449.8","0.8742","1.7546e-003",
"450.0","0.8816","1.7695e-003",
"450.2","0.8885","1.7834e-003",
"450.4","0.8949","1.7963e-003",
"450.6","0.9014","1.8093e-003",
"450.8","0.9105","1.8276e-003",
"451.0","0.9193","1.8451e-003",
"451.2","0.9257","1.8580e-003",
"451.4","0.9321","1.8708e-003",
"451.6","0.9396","1.8859e-003",
"451.8","0.9463","1.8993e-003",
"452.0","0.9511","1.9090e-003",
"452.2","0.9559","1.9186e-003",
"452.4","0.9614","1.9297e-003",
"452.6","0.9665","1.9399e-003",
"452.8","0.9710","1.9489e-003",
"453.0","0.9755","1.9579e-003",
"453.2","0.9801","1.9672e-003",
"453.4","0.9839","1.9748e-003",
"453.6","0.9868","1.9806e-003",
"453.8","0.9894","1.9859e-003",
"454.0","0.9919","1.9908e-003",
"454.2","0.9934","1.9940e-003",
"454.4","0.9946","1.9963e-003",
"454.6","0.9959","1.9989e-003",
"454.8","0.9975","2.0021e-003",
"455.0","0.9990","2.0052e-003",
"455.2","1.0000","2.0072e-003",
"455.4","0.9992","2.0056e-003",
"455.6","0.9980","2.0031e-003",
"455.8","0.9983","2.0038e-003",
"456.0","0.9988","2.0048e-003",
"456.2","0.9978","2.0028e-003",
"456.4","0.9960","1.9992e-003",
"456.6","0.9937","1.9945e-003",
"456.8","0.9910","1.9890e-003",
"457.0","0.9882","1.9834e-003",
"457.2","0.9856","1.9782e-003",
"457.4","0.9837","1.9744e-003",
"457.6","0.9810","1.9691e-003",
"457.8","0.9768","1.9606e-003",
"458.0","0.9719","1.9508e-003",
"458.2","0.9673","1.9415e-003",
"458.4","0.9625","1.9318e-003",
"458.6","0.9576","1.9220e-003",
"458.8","0.9525","1.9119e-003",
"459.0","0.9474","1.9016e-003",
"459.2","0.9434","1.8936e-003",
"459.4","0.9401","1.8870e-003",
"459.6","0.9346","1.8759e-003",
"459.8","0.9268","1.8603e-003",
"460.0","0.9201","1.8468e-003",
"460.2","0.9145","1.8355e-003",
"460.4","0.9079","1.8223e-003",
"460.6","0.9006","1.8075e-003",
"460.8","0.8934","1.7932e-003",
"461.0","0.8865","1.7793e-003",
"461.2","0.8801","1.7665e-003",
"461.4","0.8737","1.7537e-003",
"461.6","0.8666","1.7394e-003",
"461.8","0.8592","1.7245e-003",
"462.0","0.8521","1.7104e-003",
"462.2","0.8454","1.6969e-003",
"462.4","0.8399","1.6858e-003",
"462.6","0.8342","1.6743e-003",
"462.8","0.8258","1.6576e-003",
"463.0","0.8176","1.6410e-003",
"463.2","0.8111","1.6280e-003",
"463.4","0.8050","1.6158e-003",
"463.6","0.7985","1.6027e-003",
"463.8","0.7923","1.5902e-003",
"464.0","0.7867","1.5790e-003",
"464.2","0.7807","1.5670e-003",
"464.4","0.7738","1.5531e-003",
"464.6","0.7671","1.5396e-003",
"464.8","0.7612","1.5279e-003",
"465.0","0.7552","1.5157e-003",
"465.2","0.7485","1.5023e-003",
"465.4","0.7419","1.4890e-003",
"465.6","0.7356","1.4765e-003",
"465.8","0.7300","1.4652e-003",
"466.0","0.7250","1.4551e-003",
"466.2","0.7200","1.4451e-003",
"466.4","0.7147","1.4345e-003",
"466.6","0.7092","1.4235e-003",
"466.8","0.7037","1.4124e-003",
"467.0","0.6988","1.4027e-003",
"467.2","0.6942","1.3933e-003",
"467.4","0.6885","1.3820e-003",
"467.6","0.6825","1.3699e-003",
"467.8","0.6771","1.3590e-003",
"468.0","0.6723","1.3494e-003",
"468.2","0.6684","1.3417e-003",
"468.4","0.6647","1.3342e-003",
"468.6","0.6603","1.3254e-003",
"468.8","0.6558","1.3162e-003",
"469.0","0.6516","1.3079e-003",
"469.2","0.6475","1.2997e-003",
"469.4","0.6434","1.2914e-003",
"469.6","0.6391","1.2828e-003",
"469.8","0.6344","1.2734e-003",
"470.0","0.6301","1.2648e-003",
"470.2","0.6264","1.2574e-003",
"470.4","0.6230","1.2504e-003",
"470.6","0.6195","1.2435e-003",
"470.8","0.6158","1.2360e-003",
"471.0","0.6116","1.2276e-003",
"471.2","0.6075","1.2194e-003",
"471.4","0.6037","1.2116e-003",
"471.6","0.5995","1.2032e-003",
"471.8","0.5950","1.1943e-003",
"472.0","0.5910","1.1862e-003",
"472.2","0.5874","1.1791e-003",
"472.4","0.5841","1.1723e-003",
"472.6","0.5806","1.1654e-003",
"472.8","0.5772","1.1585e-003",
"473.0","0.5736","1.1513e-003",
"473.2","0.5696","1.1433e-003",
"473.4","0.5655","1.1350e-003",
"473.6","0.5625","1.1290e-003",
"473.8","0.5599","1.1238e-003",
"474.0","0.5565","1.1170e-003",
"474.2","0.5527","1.1093e-003",
"474.4","0.5496","1.1031e-003",
"474.6","0.5465","1.0969e-003",
"474.8","0.5425","1.0890e-003",
"475.0","0.5383","1.0804e-003",
"475.2","0.5348","1.0735e-003",
"475.4","0.5314","1.0665e-003",
"475.6","0.5273","1.0584e-003",
"475.8","0.5232","1.0502e-003",
"476.0","0.5196","1.0429e-003",
"476.2","0.5164","1.0364e-003",
"476.4","0.5137","1.0311e-003",
"476.6","0.5107","1.0251e-003",
"476.8","0.5067","1.0171e-003",
"477.0","0.5028","1.0092e-003",
"477.2","0.4994","1.0025e-003",
"477.4","0.4963","9.9608e-004",
"477.6","0.4932","9.8987e-004",
"477.8","0.4902","9.8387e-004",
"478.0","0.4870","9.7754e-004",
"478.2","0.4835","9.7044e-004",
"478.4","0.4795","9.6249e-004",
"478.6","0.4762","9.5590e-004",
"478.8","0.4736","9.5051e-004",
"479.0","0.4703","9.4403e-004",
"479.2","0.4666","9.3644e-004",
"479.4","0.4627","9.2869e-004",
"479.6","0.4592","9.2162e-004",
"479.8","0.4567","9.1675e-004",
"480.0","0.4549","9.1301e-004",
"480.2","0.4521","9.0741e-004",
"480.4","0.4487","9.0053e-004",
"480.6","0.4453","8.9384e-004",
"480.8","0.4423","8.8784e-004",
"481.0","0.4403","8.8365e-004",
"481.2","0.4384","8.7995e-004",
"481.4","0.4355","8.7419e-004",
"481.6","0.4324","8.6788e-004",
"481.8","0.4301","8.6332e-004",
"482.0","0.4279","8.5889e-004",
"482.2","0.4250","8.5311e-004",
"482.4","0.4224","8.4772e-004",
"482.6","0.4207","8.4432e-004",
"482.8","0.4189","8.4086e-004",
"483.0","0.4164","8.3585e-004",
"483.2","0.4139","8.3073e-004",
"483.4","0.4116","8.2619e-004",
"483.6","0.4095","8.2196e-004",
"483.8","0.4074","8.1767e-004",
"484.0","0.4053","8.1350e-004",
"484.2","0.4032","8.0927e-004",
"484.4","0.4015","8.0597e-004",
"484.6","0.4003","8.0348e-004",
"484.8","0.3987","8.0018e-004",
"485.0","0.3965","7.9576e-004",
"485.2","0.3948","7.9232e-004",
"485.4","0.3936","7.9003e-004",
"485.6","0.3921","7.8701e-004",
"485.8","0.3903","7.8346e-004",
"486.0","0.3888","7.8038e-004",
"486.2","0.3876","7.7796e-004",
"486.4","0.3863","7.7543e-004",
"486.6","0.3851","7.7294e-004",
"486.8","0.3841","7.7092e-004",
"487.0","0.3832","7.6915e-004",
"487.2","0.3818","7.6627e-004",
"487.4","0.3802","7.6318e-004",
"487.6","0.3793","7.6131e-004",
"487.8","0.3786","7.5988e-004",
"488.0","0.3773","7.5735e-004",
"488.2","0.3760","7.5475e-004",
"488.4","0.3757","7.5408e-004",
"488.6","0.3754","7.5354e-004",
"488.8","0.3743","7.5125e-004",
"489.0","0.3731","7.4890e-004",
"489.2","0.3727","7.4805e-004",
"489.4","0.3722","7.4697e-004",
"489.6","0.3706","7.4382e-004",
"489.8","0.3695","7.4165e-004",
"490.0","0.3698","7.4228e-004",
"490.2","0.3701","7.4275e-004",
"490.4","0.3695","7.4155e-004",
"490.6","0.3688","7.4016e-004",
"490.8","0.3683","7.3922e-004",
"491.0","0.3678","7.3821e-004",
"491.2","0.3673","7.3715e-004",
"491.4","0.3672","7.3699e-004",
"491.6","0.3676","7.3785e-004",
"491.8","0.3675","7.3763e-004",
"492.0","0.3667","7.3611e-004",
"492.2","0.3663","7.3524e-004",
"492.4","0.3663","7.3529e-004",
"492.6","0.3665","7.3561e-004",
"492.8","0.3666","7.3589e-004",
"493.0","0.3665","7.3558e-004",
"493.2","0.3662","7.3496e-004",
"493.4","0.3665","7.3552e-004",
"493.6","0.3670","7.3661e-004",
"493.8","0.3670","7.3656e-004",
"494.0","0.3667","7.3598e-004",
"494.2","0.3667","7.3607e-004",
"494.4","0.3671","7.3688e-004",
"494.6","0.3680","7.3858e-004",
"494.8","0.3689","7.4039e-004",
"495.0","0.3692","7.4108e-004",
"495.2","0.3694","7.4136e-004",
"495.4","0.3694","7.4144e-004",
"495.6","0.3697","7.4199e-004",
"495.8","0.3706","7.4380e-004",
"496.0","0.3715","7.4575e-004",
"496.2","0.3721","7.4677e-004",
"496.4","0.3726","7.4787e-004",
"496.6","0.3735","7.4963e-004",
"496.8","0.3743","7.5137e-004",
"497.0","0.3749","7.5256e-004",
"497.2","0.3756","7.5397e-004",
"497.4","0.3765","7.5570e-004",
"497.6","0.3776","7.5788e-004",
"497.8","0.3788","7.6039e-004",
"498.0","0.3801","7.6290e-004",
"498.2","0.3812","7.6518e-004",
"498.4","0.3824","7.6754e-004",
"498.6","0.3836","7.6998e-004",
"498.8","0.3848","7.7237e-004",
"499.0","0.3859","7.7459e-004",
"499.2","0.3873","7.7738e-004",
"499.4","0.3889","7.8059e-004",
"499.6","0.3904","7.8368e-004",
"499.8","0.3918","7.8640e-004",
"500.0","0.3930","7.8888e-004",
"500.2","0.3943","7.9137e-004",
"500.4","0.3960","7.9489e-004",
"500.6","0.3979","7.9873e-004",
"500.8","0.3991","8.0102e-004",
"501.0","0.3999","8.0268e-004",
"501.2","0.4015","8.0593e-004",
"501.4","0.4035","8.0994e-004",
"501.6","0.4053","8.1351e-004",
"501.8","0.4069","8.1673e-004",
"502.0","0.4082","8.1930e-004",
"502.2","0.4096","8.2219e-004",
"502.4","0.4118","8.2661e-004",
"502.6","0.4141","8.3115e-004",
"502.8","0.4158","8.3454e-004",
"503.0","0.4174","8.3778e-004",
"503.2","0.4191","8.4130e-004",
"503.4","0.4209","8.4479e-004",
"503.6","0.4228","8.4861e-004",
"503.8","0.4247","8.5249e-004",
"504.0","0.4267","8.5649e-004",
"504.2","0.4287","8.6046e-004",
"504.4","0.4307","8.6442e-004",
"504.6","0.4328","8.6875e-004",
"504.8","0.4351","8.7338e-004",
"505.0","0.4374","8.7784e-004",
"505.2","0.4394","8.8196e-004",
"505.4","0.4415","8.8619e-004",
"505.6","0.4437","8.9061e-004",
"505.8","0.4459","8.9491e-004",
"506.0","0.4478","8.9876e-004",
"506.2","0.4495","9.0230e-004",
"506.4","0.4512","9.0556e-004",
"506.6","0.4532","9.0966e-004",
"506.8","0.4555","9.1434e-004",
"507.0","0.4578","9.1890e-004",
"507.2","0.4601","9.2339e-004",
"507.4","0.4624","9.2808e-004",
"507.6","0.4647","9.3282e-004",
"507.8","0.4667","9.3670e-004",
"508.0","0.4686","9.4050e-004",
"508.2","0.4709","9.4513e-004",
"508.4","0.4734","9.5014e-004",
"508.6","0.4759","9.5516e-004",
"508.8","0.4782","9.5974e-004",
"509.0","0.4798","9.6301e-004",
"509.2","0.4814","9.6621e-004",
"509.4","0.4835","9.7051e-004",
"509.6","0.4859","9.7523e-004",
"509.8","0.4882","9.7994e-004",
"510.0","0.4905","9.8449e-004",
"510.2","0.4923","9.8820e-004",
"510.4","0.4943","9.9212e-004",
"510.6","0.4965","9.9646e-004",
"510.8","0.4987","1.0011e-003",
"511.0","0.5008","1.0052e-003",
"511.2","0.5032","1.0099e-003",
"511.4","0.5059","1.0155e-003",
"511.6","0.5082","1.0201e-003",
"511.8","0.5099","1.0235e-003",
"512.0","0.5118","1.0273e-003",
"512.2","0.5142","1.0320e-003",
"512.4","0.5165","1.0367e-003",
"512.6","0.5186","1.0408e-003",
"512.8","0.5206","1.0450e-003",
"513.0","0.5226","1.0490e-003",
"513.2","0.5245","1.0527e-003",
"513.4","0.5263","1.0563e-003",
"513.6","0.5282","1.0601e-003",
"513.8","0.5304","1.0646e-003",
"514.0","0.5325","1.0688e-003",
"514.2","0.5347","1.0732e-003",
"514.4","0.5369","1.0777e-003",
"514.6","0.5392","1.0822e-003",
"514.8","0.5408","1.0856e-003",
"515.0","0.5425","1.0888e-003",
"515.2","0.5442","1.0922e-003",
"515.4","0.5462","1.0963e-003",
"515.6","0.5482","1.1004e-003",
"515.8","0.5503","1.1046e-003",
"516.0","0.5522","1.1083e-003",
"516.2","0.5540","1.1119e-003",
"516.4","0.5558","1.1156e-003",
"516.6","0.5576","1.1191e-003",
"516.8","0.5593","1.1227e-003",
"517.0","0.5611","1.1262e-003",
"517.2","0.5630","1.1300e-003",
"517.4","0.5649","1.1339e-003",
"517.6","0.5668","1.1376e-003",
"517.8","0.5684","1.1408e-003",
"518.0","0.5694","1.1429e-003",
"518.2","0.5710","1.1461e-003",
"518.4","0.5737","1.1515e-003",
"518.6","0.5762","1.1565e-003",
"518.8","0.5775","1.1591e-003",
"519.0","0.5788","1.1618e-003",
"519.2","0.5804","1.1650e-003",
"519.4","0.5823","1.1688e-003",
"519.6","0.5843","1.1727e-003",
"519.8","0.5856","1.1753e-003",
"520.0","0.5863","1.1767e-003",
"520.2","0.5878","1.1797e-003",
"520.4","0.5902","1.1846e-003",
"520.6","0.5921","1.1884e-003",
"520.8","0.5934","1.1910e-003",
"521.0","0.5949","1.1941e-003",
"521.2","0.5967","1.1976e-003",
"521.4","0.5980","1.2002e-003",
"521.6","0.5989","1.2021e-003",
"521.8","0.5998","1.2040e-003",
"522.0","0.6011","1.2065e-003",
"522.2","0.6027","1.2096e-003",
"522.4","0.6044","1.2132e-003",
"522.6","0.6058","1.2160e-003",
"522.8","0.6071","1.2185e-003",
"523.0","0.6081","1.2205e-003",
"523.2","0.6092","1.2228e-003",
"523.4","0.6105","1.2254e-003",
"523.6","0.6121","1.2285e-003",
"523.8","0.6137","1.2318e-003",
"524.0","0.6150","1.2345e-003",
"524.2","0.6158","1.2360e-003",
"524.4","0.6165","1.2374e-003",
"524.6","0.6177","1.2398e-003",
"524.8","0.6191","1.2426e-003",
"525.0","0.6204","1.2453e-003",
"525.2","0.6216","1.2477e-003",
"525.4","0.6227","1.2499e-003",
"525.6","0.6239","1.2523e-003",
"525.8","0.6254","1.2553e-003",
"526.0","0.6268","1.2580e-003",
"526.2","0.6276","1.2596e-003",
"526.4","0.6286","1.2617e-003",
"526.6","0.6298","1.2642e-003",
"526.8","0.6306","1.2657e-003",
"527.0","0.6306","1.2657e-003",
"527.2","0.6313","1.2670e-003",
"527.4","0.6328","1.2701e-003",
"527.6","0.6340","1.2725e-003",
"527.8","0.6347","1.2740e-003",
"528.0","0.6353","1.2750e-003",
"528.2","0.6359","1.2764e-003",
"528.4","0.6371","1.2787e-003",
"528.6","0.6386","1.2817e-003",
"528.8","0.6397","1.2840e-003",
"529.0","0.6406","1.2858e-003",
"529.2","0.6412","1.2870e-003",
"529.4","0.6415","1.2876e-003",
"529.6","0.6420","1.2887e-003",
"529.8","0.6427","1.2899e-003",
"530.0","0.6437","1.2920e-003",
"530.2","0.6449","1.2943e-003",
"530.4","0.6454","1.2954e-003",
"530.6","0.6457","1.2961e-003",
"530.8","0.6467","1.2981e-003",
"531.0","0.6478","1.3002e-003",
"531.2","0.6485","1.3017e-003",
"531.4","0.6492","1.3030e-003",
"531.6","0.6494","1.3035e-003",
"531.8","0.6498","1.3042e-003",
"532.0","0.6501","1.3049e-003",
"532.2","0.6508","1.3064e-003",
"532.4","0.6523","1.3094e-003",
"532.6","0.6533","1.3114e-003",
"532.8","0.6528","1.3102e-003",
"533.0","0.6528","1.3102e-003",
"533.2","0.6540","1.3126e-003",
"533.4","0.6555","1.3156e-003",
"533.6","0.6563","1.3172e-003",
"533.8","0.6563","1.3173e-003",
"534.0","0.6556","1.3160e-003",
"534.2","0.6557","1.3161e-003",
"534.4","0.6569","1.3186e-003",
"534.6","0.6581","1.3208e-003",
"534.8","0.6587","1.3222e-003",
"535.0","0.6589","1.3225e-003",
"535.2","0.6588","1.3224e-003",
"535.4","0.6589","1.3226e-003",
"535.6","0.6594","1.3235e-003",
"535.8","0.6598","1.3244e-003",
"536.0","0.6602","1.3251e-003",
"536.2","0.6608","1.3264e-003",
"536.4","0.6615","1.3277e-003",
"536.6","0.6620","1.3286e-003",
"536.8","0.6623","1.3294e-003",
"537.0","0.6624","1.3296e-003",
"537.2","0.6624","1.3295e-003",
"537.4","0.6627","1.3301e-003",
"537.6","0.6632","1.3311e-003",
"537.8","0.6637","1.3322e-003",
"538.0","0.6641","1.3329e-003",
"538.2","0.6646","1.3339e-003",
"538.4","0.6647","1.3342e-003",
"538.6","0.6644","1.3335e-003",
"538.8","0.6640","1.3328e-003",
"539.0","0.6641","1.3330e-003",
"539.2","0.6644","1.3336e-003",
"539.4","0.6647","1.3341e-003",
"539.6","0.6649","1.3347e-003",
"539.8","0.6651","1.3349e-003",
"540.0","0.6655","1.3357e-003",
"540.2","0.6663","1.3374e-003",
"540.4","0.6668","1.3383e-003",
"540.6","0.6667","1.3381e-003",
"540.8","0.6665","1.3378e-003",
"541.0","0.6670","1.3388e-003",
"541.2","0.6675","1.3397e-003",
"541.4","0.6677","1.3402e-003",
"541.6","0.6677","1.3402e-003",
"541.8","0.6678","1.3403e-003",
"542.0","0.6676","1.3400e-003",
"542.2","0.6674","1.3395e-003",
"542.4","0.6673","1.3393e-003",
"542.6","0.6671","1.3391e-003",
"542.8","0.6673","1.3394e-003",
"543.0","0.6677","1.3401e-003",
"543.2","0.6679","1.3406e-003",
"543.4","0.6680","1.3409e-003",
"543.6","0.6676","1.3401e-003",
"543.8","0.6672","1.3391e-003",
"544.0","0.6671","1.3389e-003",
"544.2","0.6675","1.3398e-003",
"544.4","0.6675","1.3399e-003",
"544.6","0.6673","1.3393e-003",
"544.8","0.6674","1.3396e-003",
"545.0","0.6675","1.3398e-003",
"545.2","0.6678","1.3405e-003",
"545.4","0.6680","1.3407e-003",
"545.6","0.6681","1.3409e-003",
"545.8","0.6680","1.3409e-003",
"546.0","0.6678","1.3403e-003",
"546.2","0.6676","1.3399e-003",
"546.4","0.6677","1.3402e-003",
"546.6","0.6678","1.3404e-003",
"546.8","0.6679","1.3407e-003",
"547.0","0.6678","1.3404e-003",
"547.2","0.6677","1.3402e-003",
"547.4","0.6675","1.3398e-003",
"547.6","0.6676","1.3400e-003",
"547.8","0.6676","1.3400e-003",
"548.0","0.6671","1.3390e-003",
"548.2","0.6668","1.3383e-003",
"548.4","0.6668","1.3383e-003",
"548.6","0.6668","1.3383e-003",
"548.8","0.6660","1.3367e-003",
"549.0","0.6656","1.3360e-003",
"549.2","0.6662","1.3371e-003",
"549.4","0.6666","1.3380e-003",
"549.6","0.6666","1.3380e-003",
"549.8","0.6664","1.3376e-003",
"550.0","0.6662","1.3373e-003",
"550.2","0.6659","1.3366e-003",
"550.4","0.6658","1.3363e-003",
"550.6","0.6657","1.3361e-003",
"550.8","0.6659","1.3365e-003",
"551.0","0.6661","1.3369e-003",
"551.2","0.6661","1.3370e-003",
"551.4","0.6659","1.3365e-003",
"551.6","0.6651","1.3350e-003",
"551.8","0.6647","1.3342e-003",
"552.0","0.6648","1.3343e-003",
"552.2","0.6649","1.3346e-003",
"552.4","0.6649","1.3346e-003",
"552.6","0.6647","1.3341e-003",
"552.8","0.6641","1.3329e-003",
"553.0","0.6643","1.3333e-003",
"553.2","0.6645","1.3338e-003",
"553.4","0.6642","1.3331e-003",
"553.6","0.6634","1.3316e-003",
"553.8","0.6634","1.3315e-003",
"554.0","0.6634","1.3316e-003",
"554.2","0.6630","1.3307e-003",
"554.4","0.6626","1.3300e-003",
"554.6","0.6630","1.3308e-003",
"554.8","0.6634","1.3316e-003",
"555.0","0.6630","1.3308e-003",
"555.2","0.6625","1.3298e-003",
"555.4","0.6620","1.3288e-003",
"555.6","0.6619","1.3286e-003",
"555.8","0.6621","1.3289e-003",
"556.0","0.6623","1.3293e-003",
"556.2","0.6618","1.3284e-003",
"556.4","0.6614","1.3275e-003",
"556.6","0.6614","1.3274e-003",
"556.8","0.6613","1.3273e-003",
"557.0","0.6609","1.3266e-003",
"557.2","0.6606","1.3260e-003",
"557.4","0.6601","1.3249e-003",
"557.6","0.6596","1.3240e-003",
"557.8","0.6592","1.3231e-003",
"558.0","0.6589","1.3225e-003",
"558.2","0.6588","1.3222e-003",
"558.4","0.6588","1.3223e-003",
"558.6","0.6587","1.3221e-003",
"558.8","0.6583","1.3214e-003",
"559.0","0.6576","1.3198e-003",
"559.2","0.6567","1.3181e-003",
"559.4","0.6562","1.3171e-003",
"559.6","0.6563","1.3173e-003",
"559.8","0.6568","1.3183e-003",
"560.0","0.6568","1.3184e-003",
"560.2","0.6566","1.3179e-003",
"560.4","0.6559","1.3166e-003",
"560.6","0.6553","1.3152e-003",
"560.8","0.6546","1.3139e-003",
"561.0","0.6541","1.3130e-003",
"561.2","0.6542","1.3131e-003",
"561.4","0.6544","1.3135e-003",
"561.6","0.6537","1.3122e-003",
"561.8","0.6528","1.3103e-003",
"562.0","0.6526","1.3098e-003",
"562.2","0.6525","1.3097e-003",
"562.4","0.6520","1.3086e-003",
"562.6","0.6513","1.3074e-003",
"562.8","0.6512","1.3070e-003",
"563.0","0.6509","1.3065e-003",
"563.2","0.6504","1.3055e-003",
"563.4","0.6500","1.3047e-003",
"563.6","0.6498","1.3042e-003",
"563.8","0.6496","1.3038e-003",
"564.0","0.6495","1.3036e-003",
"564.2","0.6492","1.3031e-003",
"564.4","0.6486","1.3018e-003",
"564.6","0.6481","1.3009e-003",
"564.8","0.6479","1.3005e-003",
"565.0","0.6478","1.3003e-003",
"565.2","0.6474","1.2994e-003",
"565.4","0.6466","1.2978e-003",
"565.6","0.6456","1.2958e-003",
"565.8","0.6450","1.2947e-003",
"566.0","0.6448","1.2941e-003",
"566.2","0.6448","1.2942e-003",
"566.4","0.6447","1.2940e-003",
"566.6","0.6445","1.2936e-003",
"566.8","0.6440","1.2927e-003",
"567.0","0.6432","1.2909e-003",
"567.2","0.6419","1.2885e-003",
"567.4","0.6418","1.2881e-003",
"567.6","0.6421","1.2888e-003",
"567.8","0.6419","1.2884e-003",
"568.0","0.6413","1.2871e-003",
"568.2","0.6403","1.2851e-003",
"568.4","0.6392","1.2829e-003",
"568.6","0.6390","1.2825e-003",
"568.8","0.6391","1.2827e-003",
"569.0","0.6389","1.2823e-003",
"569.2","0.6385","1.2816e-003",
"569.4","0.6382","1.2809e-003",
"569.6","0.6375","1.2796e-003",
"569.8","0.6369","1.2783e-003",
"570.0","0.6361","1.2768e-003",
"570.2","0.6356","1.2757e-003",
"570.4","0.6350","1.2745e-003",
"570.6","0.6343","1.2731e-003",
"570.8","0.6336","1.2717e-003",
"571.0","0.6331","1.2708e-003",
"571.2","0.6328","1.2701e-003",
"571.4","0.6325","1.2695e-003",
"571.6","0.6322","1.2688e-003",
"571.8","0.6319","1.2682e-003",
"572.0","0.6314","1.2674e-003",
"572.2","0.6311","1.2668e-003",
"572.4","0.6307","1.2658e-003",
"572.6","0.6297","1.2639e-003",
"572.8","0.6289","1.2624e-003",
"573.0","0.6289","1.2623e-003",
"573.2","0.6287","1.2619e-003",
"573.4","0.6278","1.2600e-003",
"573.6","0.6268","1.2581e-003",
"573.8","0.6259","1.2562e-003",
"574.0","0.6254","1.2552e-003",
"574.2","0.6250","1.2544e-003",
"574.4","0.6245","1.2536e-003",
"574.6","0.6238","1.2521e-003",
"574.8","0.6233","1.2510e-003",
"575.0","0.6228","1.2501e-003",
"575.2","0.6221","1.2487e-003",
"575.4","0.6212","1.2469e-003",
"575.6","0.6204","1.2452e-003",
"575.8","0.6198","1.2439e-003",
"576.0","0.6192","1.2429e-003",
"576.2","0.6186","1.2416e-003",
"576.4","0.6177","1.2399e-003",
"576.6","0.6167","1.2378e-003",
"576.8","0.6159","1.2362e-003",
"577.0","0.6152","1.2348e-003",
"577.2","0.6146","1.2336e-003",
"577.4","0.6141","1.2325e-003",
"577.6","0.6130","1.2304e-003",
"577.8","0.6121","1.2285e-003",
"578.0","0.6119","1.2282e-003",
"578.2","0.6117","1.2278e-003",
"578.4","0.6103","1.2249e-003",
"578.6","0.6086","1.2215e-003",
"578.8","0.6078","1.2200e-003",
"579.0","0.6075","1.2194e-003",
"579.2","0.6071","1.2185e-003",
"579.4","0.6067","1.2176e-003",
"579.6","0.6057","1.2158e-003",
"579.8","0.6047","1.2137e-003",
"580.0","0.6038","1.2120e-003",
"580.2","0.6030","1.2104e-003",
"580.4","0.6023","1.2090e-003",
"580.6","0.6016","1.2075e-003",
"580.8","0.6008","1.2060e-003",
"581.0","0.6002","1.2047e-003",
"581.2","0.5995","1.2032e-003",
"581.4","0.5989","1.2022e-003",
"581.6","0.5983","1.2009e-003",
"581.8","0.5976","1.1996e-003",
"582.0","0.5968","1.1979e-003",
"582.2","0.5958","1.1960e-003",
"582.4","0.5947","1.1937e-003",
"582.6","0.5938","1.1919e-003",
"582.8","0.5934","1.1911e-003",
"583.0","0.5931","1.1905e-003",
"583.2","0.5928","1.1899e-003",
"583.4","0.5921","1.1884e-003",
"583.6","0.5911","1.1863e-003",
"583.8","0.5899","1.1840e-003",
"584.0","0.5888","1.1818e-003",
"584.2","0.5879","1.1800e-003",
"584.4","0.5870","1.1783e-003",
"584.6","0.5867","1.1776e-003",
"584.8","0.5862","1.1767e-003",
"585.0","0.5854","1.1751e-003",
"585.2","0.5844","1.1731e-003",
"585.4","0.5836","1.1713e-003",
"585.6","0.5827","1.1696e-003",
"585.8","0.5818","1.1678e-003",
"586.0","0.5806","1.1654e-003",
"586.2","0.5801","1.1643e-003",
"586.4","0.5795","1.1631e-003",
"586.6","0.5784","1.1610e-003",
"586.8","0.5771","1.1583e-003",
"587.0","0.5761","1.1564e-003",
"587.2","0.5753","1.1547e-003",
"587.4","0.5741","1.1523e-003",
"587.6","0.5731","1.1502e-003",
"587.8","0.5721","1.1483e-003",
"588.0","0.5713","1.1466e-003",
"588.2","0.5704","1.1449e-003",
"588.4","0.5695","1.1432e-003",
"588.6","0.5689","1.1419e-003",
"588.8","0.5681","1.1403e-003",
"589.0","0.5669","1.1379e-003",
"589.2","0.5656","1.1352e-003",
"589.4","0.5645","1.1330e-003",
"589.6","0.5635","1.1309e-003",
"589.8","0.5628","1.1295e-003",
"590.0","0.5620","1.1281e-003",
"590.2","0.5610","1.1261e-003",
"590.4","0.5600","1.1240e-003",
"590.6","0.5588","1.1215e-003",
"590.8","0.5578","1.1195e-003",
"591.0","0.5568","1.1177e-003",
"591.2","0.5557","1.1153e-003",
"591.4","0.5541","1.1123e-003",
"591.6","0.5529","1.1098e-003",
"591.8","0.5520","1.1080e-003",
"592.0","0.5512","1.1063e-003",
"592.2","0.5502","1.1044e-003",
"592.4","0.5493","1.1024e-003",
"592.6","0.5481","1.1002e-003",
"592.8","0.5471","1.0981e-003",
"593.0","0.5462","1.0963e-003",
"593.2","0.5455","1.0948e-003",
"593.4","0.5448","1.0935e-003",
"593.6","0.5437","1.0913e-003",
"593.8","0.5422","1.0883e-003",
"594.0","0.5408","1.0854e-003",
"594.2","0.5393","1.0826e-003",
"594.4","0.5382","1.0803e-003",
"594.6","0.5372","1.0783e-003",
"594.8","0.5363","1.0764e-003",
"595.0","0.5352","1.0743e-003",
"595.2","0.5340","1.0718e-003",
"595.4","0.5328","1.0694e-003",
"595.6","0.5315","1.0669e-003",
"595.8","0.5304","1.0646e-003",
"596.0","0.5292","1.0622e-003",
"596.2","0.5282","1.0602e-003",
"596.4","0.5271","1.0580e-003",
"596.6","0.5261","1.0560e-003",
"596.8","0.5252","1.0541e-003",
"597.0","0.5240","1.0517e-003",
"597.2","0.5225","1.0487e-003",
"597.4","0.5210","1.0457e-003",
"597.6","0.5201","1.0439e-003",
"597.8","0.5193","1.0423e-003",
"598.0","0.5182","1.0400e-003",
"598.2","0.5172","1.0381e-003",
"598.4","0.5165","1.0368e-003",
"598.6","0.5158","1.0353e-003",
"598.8","0.5147","1.0331e-003",
"599.0","0.5136","1.0309e-003",
"599.2","0.5124","1.0285e-003",
"599.4","0.5114","1.0264e-003",
"599.6","0.5105","1.0247e-003",
"599.8","0.5093","1.0223e-003",
"600.0","0.5079","1.0194e-003",
"600.2","0.5069","1.0174e-003",
"600.4","0.5063","1.0161e-003",
"600.6","0.5055","1.0146e-003",
"600.8","0.5044","1.0124e-003",
"601.0","0.5033","1.0101e-003",
"601.2","0.5020","1.0076e-003",
"601.4","0.5006","1.0048e-003",
"601.6","0.4991","1.0018e-003",
"601.8","0.4981","9.9983e-004",
"602.0","0.4975","9.9854e-004",
"602.2","0.4965","9.9656e-004",
"602.4","0.4953","9.9421e-004",
"602.6","0.4941","9.9174e-004",
"602.8","0.4930","9.8943e-004",
"603.0","0.4917","9.8700e-004",
"603.2","0.4906","9.8462e-004",
"603.4","0.4893","9.8201e-004",
"603.6","0.4879","9.7935e-004",
"603.8","0.4867","9.7686e-004",
"604.0","0.4856","9.7457e-004",
"604.2","0.4843","9.7197e-004",
"604.4","0.4829","9.6932e-004",
"604.6","0.4814","9.6632e-004",
"604.8","0.4798","9.6307e-004",
"605.0","0.4785","9.6038e-004",
"605.2","0.4772","9.5773e-004",
"605.4","0.4759","9.5529e-004",
"605.6","0.4746","9.5259e-004",
"605.8","0.4730","9.4937e-004",
"606.0","0.4715","9.4642e-004",
"606.2","0.4702","9.4368e-004",
"606.4","0.4689","9.4108e-004",
"606.6","0.4673","9.3800e-004",
"606.8","0.4658","9.3502e-004",
"607.0","0.4645","9.3232e-004",
"607.2","0.4632","9.2968e-004",
"607.4","0.4621","9.2753e-004",
"607.6","0.4610","9.2525e-004",
"607.8","0.4599","9.2300e-004",
"608.0","0.4585","9.2021e-004",
"608.2","0.4568","9.1684e-004",
"608.4","0.4553","9.1388e-004",
"608.6","0.4542","9.1173e-004",
"608.8","0.4531","9.0952e-004",
"609.0","0.4518","9.0678e-004",
"609.2","0.4505","9.0417e-004",
"609.4","0.4493","9.0190e-004",
"609.6","0.4479","8.9899e-004",
"609.8","0.4464","8.9605e-004",
"610.0","0.4452","8.9350e-004",
"610.2","0.4442","8.9154e-004",
"610.4","0.4429","8.8893e-004",
"610.6","0.4414","8.8595e-004",
"610.8","0.4402","8.8356e-004",
"611.0","0.4392","8.8147e-004",
"611.2","0.4380","8.7910e-004",
"611.4","0.4366","8.7631e-004",
"611.6","0.4353","8.7372e-004",
"611.8","0.4340","8.7105e-004",
"612.0","0.4324","8.6796e-004",
"612.2","0.4310","8.6508e-004",
"612.4","0.4299","8.6286e-004",
"612.6","0.4290","8.6099e-004",
"612.8","0.4276","8.5825e-004",
"613.0","0.4262","8.5539e-004",
"613.2","0.4251","8.5326e-004",
"613.4","0.4241","8.5120e-004",
"613.6","0.4224","8.4780e-004",
"613.8","0.4206","8.4428e-004",
"614.0","0.4196","8.4218e-004",
"614.2","0.4187","8.4039e-004",
"614.4","0.4176","8.3810e-004",
"614.6","0.4162","8.3541e-004",
"614.8","0.4145","8.3188e-004",
"615.0","0.4127","8.2840e-004",
"615.2","0.4114","8.2582e-004",
"615.4","0.4103","8.2353e-004",
"615.6","0.4094","8.2166e-004",
"615.8","0.4082","8.1926e-004",
"616.0","0.4063","8.1557e-004",
"616.2","0.4048","8.1243e-004",
"616.4","0.4037","8.1036e-004",
"616.6","0.4027","8.0830e-004",
"616.8","0.4014","8.0576e-004",
"617.0","0.4001","8.0302e-004",
"617.2","0.3987","8.0023e-004",
"617.4","0.3974","7.9765e-004",
"617.6","0.3962","7.9528e-004",
"617.8","0.3949","7.9265e-004",
"618.0","0.3934","7.8969e-004",
"618.2","0.3921","7.8696e-004",
"618.4","0.3908","7.8448e-004",
"618.6","0.3895","7.8169e-004",
"618.8","0.3880","7.7879e-004",
"619.0","0.3868","7.7637e-004",
"619.2","0.3858","7.7426e-004",
"619.4","0.3844","7.7160e-004",
"619.6","0.3831","7.6885e-004",
"619.8","0.3819","7.6656e-004",
"620.0","0.3809","7.6444e-004",
"620.2","0.3795","7.6177e-004",
"620.4","0.3781","7.5887e-004",
"620.6","0.3769","7.5640e-004",
"620.8","0.3757","7.5407e-004",
"621.0","0.3744","7.5157e-004",
"621.2","0.3732","7.4897e-004",
"621.4","0.3718","7.4617e-004",
"621.6","0.3704","7.4339e-004",
"621.8","0.3692","7.4109e-004",
"622.0","0.3681","7.3888e-004",
"622.2","0.3667","7.3610e-004",
"622.4","0.3652","7.3301e-004",
"622.6","0.3638","7.3022e-004",
"622.8","0.3626","7.2782e-004",
"623.0","0.3616","7.2584e-004",
"623.2","0.3606","7.2382e-004",
"623.4","0.3591","7.2073e-004",
"623.6","0.3574","7.1745e-004",
"623.8","0.3561","7.1468e-004",
"624.0","0.3549","7.1225e-004",
"624.2","0.3539","7.1031e-004",
"624.4","0.3528","7.0815e-004",
"624.6","0.3513","7.0520e-004",
"624.8","0.3500","7.0247e-004",
"625.0","0.3488","7.0005e-004",
"625.2","0.3475","6.9757e-004",
"625.4","0.3463","6.9502e-004",
"625.6","0.3449","6.9229e-004",
"625.8","0.3435","6.8944e-004",
"626.0","0.3422","6.8687e-004",
"626.2","0.3411","6.8474e-004",
"626.4","0.3398","6.8211e-004",
"626.6","0.3382","6.7873e-004",
"626.8","0.3368","6.7601e-004",
"627.0","0.3359","6.7428e-004",
"627.2","0.3349","6.7224e-004",
"627.4","0.3336","6.6964e-004",
"627.6","0.3324","6.6714e-004",
"627.8","0.3313","6.6500e-004",
"628.0","0.3300","6.6242e-004",
"628.2","0.3286","6.5954e-004",
"628.4","0.3273","6.5691e-004",
"628.6","0.3262","6.5464e-004",
"628.8","0.3249","6.5221e-004",
"629.0","0.3238","6.4986e-004",
"629.2","0.3225","6.4725e-004",
"629.4","0.3212","6.4466e-004",
"629.6","0.3201","6.4248e-004",
"629.8","0.3191","6.4051e-004",
"630.0","0.3179","6.3800e-004",
"630.2","0.3164","6.3503e-004",
"630.4","0.3150","6.3234e-004",
"630.6","0.3138","6.2988e-004",
"630.8","0.3126","6.2750e-004",
"631.0","0.3115","6.2524e-004",
"631.2","0.3107","6.2366e-004",
"631.4","0.3098","6.2184e-004",
"631.6","0.3083","6.1884e-004",
"631.8","0.3067","6.1566e-004",
"632.0","0.3058","6.1382e-004",
"632.2","0.3050","6.1209e-004",
"632.4","0.3037","6.0955e-004",
"632.6","0.3023","6.0674e-004",
"632.8","0.3010","6.0424e-004",
"633.0","0.2998","6.0181e-004",
"633.2","0.2987","5.9954e-004",
"633.4","0.2976","5.9737e-004",
"633.6","0.2964","5.9500e-004",
"633.8","0.2954","5.9285e-004",
"634.0","0.2944","5.9087e-004",
"634.2","0.2933","5.8864e-004",
"634.4","0.2919","5.8585e-004",
"634.6","0.2905","5.8315e-004",
"634.8","0.2894","5.8080e-004",
"635.0","0.2883","5.7862e-004",
"635.2","0.2872","5.7639e-004",
"635.4","0.2860","5.7412e-004",
"635.6","0.2849","5.7187e-004",
"635.8","0.2837","5.6951e-004",
"636.0","0.2825","5.6712e-004",
"636.2","0.2815","5.6499e-004",
"636.4","0.2804","5.6286e-004",
"636.6","0.2793","5.6069e-004",
"636.8","0.2782","5.5831e-004",
"637.0","0.2770","5.5605e-004",
"637.2","0.2759","5.5376e-004",
"637.4","0.2747","5.5134e-004",
"637.6","0.2736","5.4912e-004",
"637.8","0.2725","5.4700e-004",
"638.0","0.2715","5.4489e-004",
"638.2","0.2703","5.4260e-004",
"638.4","0.2692","5.4028e-004",
"638.6","0.2681","5.3815e-004",
"638.8","0.2671","5.3619e-004",
"639.0","0.2659","5.3377e-004",
"639.2","0.2646","5.3107e-004",
"639.4","0.2635","5.2880e-004",
"639.6","0.2625","5.2685e-004",
"639.8","0.2614","5.2462e-004",
"640.0","0.2602","5.2232e-004",
"640.2","0.2593","5.2040e-004",
"640.4","0.2583","5.1849e-004",
"640.6","0.2574","5.1668e-004",
"640.8","0.2565","5.1480e-004",
"641.0","0.2552","5.1227e-004",
"641.2","0.2540","5.0973e-004",
"641.4","0.2531","5.0794e-004",
"641.6","0.2522","5.0622e-004",
"641.8","0.2512","5.0421e-004",
"642.0","0.2501","5.0191e-004",
"642.2","0.2488","4.9941e-004",
"642.4","0.2476","4.9688e-004",
"642.6","0.2465","4.9469e-004",
"642.8","0.2455","4.9274e-004",
"643.0","0.2446","4.9091e-004",
"643.2","0.2437","4.8905e-004",
"643.4","0.2427","4.8719e-004",
"643.6","0.2417","4.8513e-004",
"643.8","0.2405","4.8280e-004",
"644.0","0.2394","4.8044e-004",
"644.2","0.2383","4.7821e-004",
"644.4","0.2373","4.7625e-004",
"644.6","0.2365","4.7464e-004",
"644.8","0.2356","4.7284e-004",
"645.0","0.2345","4.7067e-004",
"645.2","0.2334","4.6853e-004",
"645.4","0.2325","4.6664e-004",
"645.6","0.2316","4.6481e-004",
"645.8","0.2306","4.6290e-004",
"646.0","0.2296","4.6094e-004",
"646.2","0.2287","4.5895e-004",
"646.4","0.2276","4.5676e-004",
"646.6","0.2265","4.5469e-004",
"646.8","0.2257","4.5292e-004",
"647.0","0.2249","4.5138e-004",
"647.2","0.2239","4.4940e-004",
"647.4","0.2227","4.4706e-004",
"647.6","0.2217","4.4491e-004",
"647.8","0.2206","4.4287e-004",
"648.0","0.2197","4.4090e-004",
"648.2","0.2187","4.3893e-004",
"648.4","0.2178","4.3713e-004",
"648.6","0.2169","4.3532e-004",
"648.8","0.2159","4.3338e-004",
"649.0","0.2149","4.3127e-004",
"649.2","0.2139","4.2935e-004",
"649.4","0.2130","4.2757e-004",
"649.6","0.2121","4.2582e-004",
"649.8","0.2113","4.2405e-004",
"650.0","0.2105","4.2241e-004",
"650.2","0.2097","4.2081e-004",
"650.4","0.2088","4.1903e-004",
"650.6","0.2077","4.1695e-004",
"650.8","0.2063","4.1417e-004",
"651.0","0.2051","4.1164e-004",
"651.2","0.2044","4.1025e-004",
"651.4","0.2038","4.0910e-004",
"651.6","0.2030","4.0744e-004",
"651.8","0.2021","4.0564e-004",
"652.0","0.2010","4.0345e-004",
"652.2","0.2000","4.0138e-004",
"652.4","0.1992","3.9986e-004",
"652.6","0.1984","3.9827e-004",
"652.8","0.1975","3.9632e-004",
"653.0","0.1964","3.9429e-004",
"653.2","0.1956","3.9258e-004",
"653.4","0.1947","3.9082e-004",
"653.6","0.1938","3.8907e-004",
"653.8","0.1929","3.8726e-004",
"654.0","0.1919","3.8527e-004",
"654.2","0.1910","3.8345e-004",
"654.4","0.1902","3.8178e-004",
"654.6","0.1894","3.8009e-004",
"654.8","0.1885","3.7829e-004",
"655.0","0.1877","3.7668e-004",
"655.2","0.1869","3.7505e-004",
"655.4","0.1861","3.7346e-004",
"655.6","0.1852","3.7177e-004",
"655.8","0.1843","3.6995e-004",
"656.0","0.1834","3.6811e-004",
"656.2","0.1825","3.6639e-004",
"656.4","0.1817","3.6473e-004",
"656.6","0.1809","3.6312e-004",
"656.8","0.1801","3.6154e-004",
"657.0","0.1795","3.6020e-004",
"657.2","0.1788","3.5884e-004",
"657.4","0.1779","3.5701e-004",
"657.6","0.1768","3.5493e-004",
"657.8","0.1759","3.5311e-004",
"658.0","0.1751","3.5149e-004",
"658.2","0.1742","3.4967e-004",
"658.4","0.1733","3.4784e-004",
"658.6","0.1726","3.4642e-004",
"658.8","0.1720","3.4521e-004",
"659.0","0.1712","3.4355e-004",
"659.2","0.1702","3.4167e-004",
"659.4","0.1693","3.3982e-004",
"659.6","0.1685","3.3811e-004",
"659.8","0.1678","3.3677e-004",
"660.0","0.1672","3.3555e-004",
"660.2","0.1664","3.3404e-004",
"660.4","0.1656","3.3243e-004",
"660.6","0.1646","3.3037e-004",
"660.8","0.1637","3.2861e-004",
"661.0","0.1632","3.2766e-004",
"661.2","0.1628","3.2669e-004",
"661.4","0.1619","3.2492e-004",
"661.6","0.1609","3.2303e-004",
"661.8","0.1601","3.2140e-004",
"662.0","0.1594","3.1992e-004",
"662.2","0.1588","3.1878e-004",
"662.4","0.1582","3.1753e-004",
"662.6","0.1573","3.1582e-004",
"662.8","0.1565","3.1411e-004",
"663.0","0.1558","3.1271e-004",
"663.2","0.1551","3.1125e-004",
"663.4","0.1544","3.0981e-004",
"663.6","0.1536","3.0821e-004",
"663.8","0.1526","3.0637e-004",
"664.0","0.1518","3.0470e-004",
"664.2","0.1512","3.0339e-004",
"664.4","0.1505","3.0206e-004",
"664.6","0.1498","3.0057e-004",
"664.8","0.1490","2.9910e-004",
"665.0","0.1483","2.9764e-004",
"665.2","0.1476","2.9629e-004",
"665.4","0.1470","2.9501e-004",
"665.6","0.1463","2.9362e-004",
"665.8","0.1456","2.9215e-004",
"666.0","0.1448","2.9067e-004",
"666.2","0.1440","2.8910e-004",
"666.4","0.1433","2.8765e-004",
"666.6","0.1426","2.8630e-004",
"666.8","0.1420","2.8507e-004",
"667.0","0.1414","2.8382e-004",
"667.2","0.1407","2.8236e-004",
"667.4","0.1399","2.8075e-004",
"667.6","0.1393","2.7968e-004",
"667.8","0.1389","2.7875e-004",
"668.0","0.1382","2.7747e-004",
"668.2","0.1375","2.7608e-004",
"668.4","0.1369","2.7468e-004",
"668.6","0.1362","2.7328e-004",
"668.8","0.1355","2.7201e-004",
"669.0","0.1349","2.7074e-004",
"669.2","0.1342","2.6936e-004",
"669.4","0.1335","2.6804e-004",
"669.6","0.1330","2.6689e-004",
"669.8","0.1324","2.6573e-004",
"670.0","0.1315","2.6404e-004",
"670.2","0.1307","2.6237e-004",
"670.4","0.1302","2.6130e-004",
"670.6","0.1297","2.6034e-004",
"670.8","0.1291","2.5914e-004",
"671.0","0.1285","2.5793e-004",
"671.2","0.1278","2.5656e-004",
"671.4","0.1271","2.5519e-004",
"671.6","0.1265","2.5398e-004",
"671.8","0.1259","2.5276e-004",
"672.0","0.1252","2.5124e-004",
"672.2","0.1245","2.4988e-004",
"672.4","0.1239","2.4877e-004",
"672.6","0.1235","2.4780e-004",
"672.8","0.1230","2.4688e-004",
"673.0","0.1225","2.4581e-004",
"673.2","0.1218","2.4447e-004",
"673.4","0.1211","2.4309e-004",
"673.6","0.1205","2.4177e-004",
"673.8","0.1198","2.4053e-004",
"674.0","0.1193","2.3940e-004",
"674.2","0.1187","2.3823e-004",
"674.4","0.1181","2.3697e-004",
"674.6","0.1174","2.3571e-004",
"674.8","0.1168","2.3445e-004",
"675.0","0.1163","2.3353e-004",
"675.2","0.1160","2.3286e-004",
"675.4","0.1155","2.3183e-004",
"675.6","0.1148","2.3035e-004",
"675.8","0.1141","2.2904e-004",
"676.0","0.1136","2.2797e-004",
"676.2","0.1130","2.2689e-004",
"676.4","0.1125","2.2577e-004",
"676.6","0.1119","2.2465e-004",
"676.8","0.1114","2.2350e-004",
"677.0","0.1108","2.2243e-004",
"677.2","0.1103","2.2146e-004",
"677.4","0.1099","2.2052e-004",
"677.6","0.1094","2.1958e-004",
"677.8","0.1088","2.1845e-004",
"678.0","0.1082","2.1725e-004",
"678.2","0.1076","2.1602e-004",
"678.4","0.1070","2.1475e-004",
"678.6","0.1064","2.1360e-004",
"678.8","0.1059","2.1256e-004",
"679.0","0.1055","2.1185e-004",
"679.2","0.1052","2.1109e-004",
"679.4","0.1046","2.0987e-004",
"679.6","0.1039","2.0858e-004",
"679.8","0.1034","2.0752e-004",
"680.0","0.1029","2.0658e-004",
"680.2","0.1025","2.0574e-004",
"680.4","0.1021","2.0483e-004",
"680.6","0.1015","2.0368e-004",
"680.8","0.1009","2.0248e-004",
"681.0","0.1002","2.0118e-004",
"681.2","0.0997","2.0010e-004",
"681.4","0.0994","1.9953e-004",
"681.6","0.0991","1.9894e-004",
"681.8","0.0987","1.9807e-004",
"682.0","0.0981","1.9695e-004",
"682.2","0.0974","1.9552e-004",
"682.4","0.0968","1.9428e-004",
"682.6","0.0964","1.9355e-004",
"682.8","0.0961","1.9285e-004",
"683.0","0.0956","1.9194e-004",
"683.2","0.0952","1.9098e-004",
"683.4","0.0947","1.9008e-004",
"683.6","0.0942","1.8917e-004",
"683.8","0.0938","1.8820e-004",
"684.0","0.0932","1.8712e-004",
"684.2","0.0927","1.8598e-004",
"684.4","0.0922","1.8496e-004",
"684.6","0.0917","1.8410e-004",
"684.8","0.0912","1.8313e-004",
"685.0","0.0907","1.8209e-004",
"685.2","0.0902","1.8112e-004",
"685.4","0.0898","1.8034e-004",
"685.6","0.0895","1.7957e-004",
"685.8","0.0891","1.7885e-004",
"686.0","0.0886","1.7787e-004",
"686.2","0.0881","1.7674e-004",
"686.4","0.0875","1.7568e-004",
"686.6","0.0871","1.7476e-004",
"686.8","0.0867","1.7394e-004",
"687.0","0.0863","1.7319e-004",
"687.2","0.0860","1.7253e-004",
"687.4","0.0856","1.7185e-004",
"687.6","0.0852","1.7107e-004",
"687.8","0.0848","1.7020e-004",
"688.0","0.0843","1.6917e-004",
"688.2","0.0838","1.6817e-004",
"688.4","0.0834","1.6742e-004",
"688.6","0.0831","1.6671e-004",
"688.8","0.0825","1.6564e-004",
"689.0","0.0820","1.6450e-004",
"689.2","0.0817","1.6392e-004",
"689.4","0.0814","1.6333e-004",
"689.6","0.0808","1.6222e-004",
"689.8","0.0802","1.6104e-004",
"690.0","0.0798","1.6021e-004",
"690.2","0.0795","1.5948e-004",
"690.4","0.0791","1.5874e-004",
"690.6","0.0787","1.5803e-004",
"690.8","0.0784","1.5726e-004",
"691.0","0.0780","1.5653e-004",
"691.2","0.0777","1.5589e-004",
"691.4","0.0773","1.5523e-004",
"691.6","0.0769","1.5444e-004",
"691.8","0.0765","1.5349e-004",
"692.0","0.0759","1.5233e-004",
"692.2","0.0754","1.5132e-004",
"692.4","0.0751","1.5074e-004",
"692.6","0.0748","1.5015e-004",
"692.8","0.0744","1.4940e-004",
"693.0","0.0741","1.4864e-004",
"693.2","0.0737","1.4792e-004",
"693.4","0.0733","1.4710e-004",
"693.6","0.0728","1.4619e-004",
"693.8","0.0724","1.4534e-004",
"694.0","0.0721","1.4465e-004",
"694.2","0.0717","1.4393e-004",
"694.4","0.0713","1.4315e-004",
"694.6","0.0709","1.4236e-004",
"694.8","0.0705","1.4159e-004",
"695.0","0.0703","1.4101e-004",
"695.2","0.0700","1.4054e-004",
"695.4","0.0697","1.3990e-004",
"695.6","0.0693","1.3901e-004",
"695.8","0.0688","1.3818e-004",
"696.0","0.0685","1.3744e-004",
"696.2","0.0681","1.3677e-004",
"696.4","0.0679","1.3620e-004",
"696.6","0.0676","1.3560e-004",
"696.8","0.0672","1.3492e-004",
"697.0","0.0669","1.3420e-004",
"697.2","0.0665","1.3342e-004",
"697.4","0.0661","1.3261e-004",
"697.6","0.0657","1.3182e-004",
"697.8","0.0654","1.3132e-004",
"698.0","0.0652","1.3089e-004",
"698.2","0.0649","1.3017e-004",
"698.4","0.0644","1.2931e-004",
"698.6","0.0641","1.2859e-004",
"698.8","0.0637","1.2794e-004",
"699.0","0.0634","1.2727e-004",
"699.2","0.0631","1.2658e-004",
"699.4","0.0627","1.2586e-004",
"699.6","0.0624","1.2515e-004",
"699.8","0.0621","1.2465e-004",
"700.0","0.0619","1.2416e-004",
"700.2","0.0616","1.2354e-004",
"700.4","0.0612","1.2284e-004",
"700.6","0.0608","1.2210e-004",
"700.8","0.0605","1.2134e-004",
"701.0","0.0601","1.2054e-004",
"701.2","0.0597","1.1982e-004",
"701.4","0.0594","1.1930e-004",
"701.6","0.0592","1.1888e-004",
"701.8","0.0590","1.1846e-004",
"702.0","0.0587","1.1791e-004",
"702.2","0.0583","1.1709e-004",
"702.4","0.0580","1.1634e-004",
"702.6","0.0577","1.1588e-004",
"702.8","0.0575","1.1544e-004",
"703.0","0.0572","1.1487e-004",
"703.2","0.0569","1.1424e-004",
"703.4","0.0566","1.1356e-004",
"703.6","0.0563","1.1295e-004",
"703.8","0.0560","1.1243e-004",
"704.0","0.0557","1.1185e-004",
"704.2","0.0554","1.1118e-004",
"704.4","0.0550","1.1042e-004",
"704.6","0.0546","1.0966e-004",
"704.8","0.0543","1.0901e-004",
"705.0","0.0541","1.0853e-004",
"705.2","0.0539","1.0813e-004",
"705.4","0.0537","1.0774e-004",
"705.6","0.0534","1.0715e-004",
"705.8","0.0530","1.0639e-004",
"706.0","0.0527","1.0576e-004",
"706.2","0.0525","1.0528e-004",
"706.4","0.0522","1.0479e-004",
"706.6","0.0520","1.0429e-004",
"706.8","0.0517","1.0370e-004",
"707.0","0.0514","1.0310e-004",
"707.2","0.0511","1.0257e-004",
"707.4","0.0509","1.0209e-004",
"707.6","0.0506","1.0152e-004",
"707.8","0.0503","1.0097e-004",
"708.0","0.0501","1.0062e-004",
"708.2","0.0500","1.0034e-004",
"708.4","0.0498","9.9863e-005",
"708.6","0.0495","9.9263e-005",
"708.8","0.0491","9.8595e-005",
"709.0","0.0488","9.7971e-005",
"709.2","0.0486","9.7523e-005",
"709.4","0.0484","9.7103e-005",
"709.6","0.0481","9.6532e-005",
"709.8","0.0478","9.5949e-005",
"710.0","0.0476","9.5497e-005",
"710.2","0.0474","9.5080e-005",
"710.4","0.0472","9.4647e-005",
"710.6","0.0469","9.4174e-005",
"710.8","0.0467","9.3672e-005",
"711.0","0.0464","9.3130e-005",
"711.2","0.0461","9.2557e-005",
"711.4","0.0458","9.2016e-005",
"711.6","0.0456","9.1575e-005",
"711.8","0.0454","9.1082e-005",
"712.0","0.0451","9.0464e-005",
"712.2","0.0448","8.9878e-005",
"712.4","0.0446","8.9479e-005",
"712.6","0.0444","8.9124e-005",
"712.8","0.0442","8.8768e-005",
"713.0","0.0440","8.8395e-005",
"713.2","0.0438","8.7971e-005",
"713.4","0.0436","8.7520e-005",
"713.6","0.0434","8.7085e-005",
"713.8","0.0431","8.6587e-005",
"714.0","0.0429","8.6025e-005",
"714.2","0.0426","8.5480e-005",
"714.4","0.0423","8.4973e-005",
"714.6","0.0421","8.4497e-005",
"714.8","0.0419","8.4059e-005",
"715.0","0.0416","8.3586e-005",
"715.2","0.0414","8.3090e-005",
"715.4","0.0412","8.2706e-005",
"715.6","0.0410","8.2388e-005",
"715.8","0.0408","8.1852e-005",
"716.0","0.0405","8.1195e-005",
"716.2","0.0403","8.0895e-005",
"716.4","0.0403","8.0825e-005",
"716.6","0.0401","8.0514e-005",
"716.8","0.0398","7.9977e-005",
"717.0","0.0396","7.9434e-005",
"717.2","0.0393","7.8943e-005",
"717.4","0.0391","7.8513e-005",
"717.6","0.0389","7.8112e-005",
"717.8","0.0387","7.7714e-005",
"718.0","0.0385","7.7296e-005",
"718.2","0.0383","7.6875e-005",
"718.4","0.0381","7.6444e-005",
"718.6","0.0379","7.5984e-005",
"718.8","0.0376","7.5549e-005",
"719.0","0.0375","7.5221e-005",
"719.2","0.0373","7.4917e-005",
"719.4","0.0371","7.4564e-005",
"719.6","0.0370","7.4180e-005",
"719.8","0.0367","7.3730e-005",
"720.0","0.0365","7.3315e-005",
"720.2","0.0364","7.3064e-005",
"720.4","0.0363","7.2784e-005",
"720.6","0.0360","7.2246e-005",
"720.8","0.0357","7.1743e-005",
"721.0","0.0357","7.1602e-005",
"721.2","0.0356","7.1437e-005",
"721.4","0.0354","7.0971e-005",
"721.6","0.0351","7.0448e-005",
"721.8","0.0349","6.9993e-005",
"722.0","0.0346","6.9544e-005",
"722.2","0.0344","6.9099e-005",
"722.4","0.0342","6.8709e-005",
"722.6","0.0341","6.8457e-005",
"722.8","0.0340","6.8168e-005",
"723.0","0.0338","6.7766e-005",
"723.2","0.0336","6.7504e-005",
"723.4","0.0336","6.7448e-005",
"723.6","0.0335","6.7186e-005",
"723.8","0.0332","6.6559e-005",
"724.0","0.0329","6.6075e-005",
"724.2","0.0328","6.5868e-005",
"724.4","0.0327","6.5636e-005",
"724.6","0.0325","6.5267e-005",
"724.8","0.0323","6.4771e-005",
"725.0","0.0320","6.4194e-005",
"725.2","0.0318","6.3858e-005",
"725.4","0.0318","6.3760e-005",
"725.6","0.0316","6.3519e-005",
"725.8","0.0314","6.3109e-005",
"726.0","0.0313","6.2725e-005",
"726.2","0.0311","6.2426e-005",
"726.4","0.0310","6.2242e-005",
"726.6","0.0309","6.2073e-005",
"726.8","0.0307","6.1633e-005",
"727.0","0.0304","6.1050e-005",
"727.2","0.0303","6.0781e-005",
"727.4","0.0302","6.0690e-005",
"727.6","0.0301","6.0385e-005",
"727.8","0.0299","5.9932e-005",
"728.0","0.0297","5.9561e-005",
"728.2","0.0295","5.9256e-005",
"728.4","0.0294","5.9081e-005",
"728.6","0.0294","5.8929e-005",
"728.8","0.0292","5.8673e-005",
"729.0","0.0291","5.8336e-005",
"729.2","0.0289","5.7926e-005",
"729.4","0.0286","5.7504e-005",
"729.6","0.0285","5.7150e-005",
"729.8","0.0283","5.6860e-005",
"730.0","0.0282","5.6696e-005",
"730.2","0.0281","5.6501e-005",
"730.4","0.0279","5.6063e-005",
"730.6","0.0277","5.5617e-005",
"730.8","0.0276","5.5422e-005",
"731.0","0.0275","5.5276e-005",
"731.2","0.0274","5.5049e-005",
"731.4","0.0273","5.4787e-005",
"731.6","0.0271","5.4468e-005",
"731.8","0.0270","5.4121e-005",
"732.0","0.0268","5.3763e-005",
"732.2","0.0266","5.3470e-005",
"732.4","0.0266","5.3303e-005",
"732.6","0.0264","5.3052e-005",
"732.8","0.0262","5.2575e-005",
"733.0","0.0260","5.2247e-005",
"733.2","0.0260","5.2239e-005",
"733.4","0.0259","5.2053e-005",
"733.6","0.0256","5.1467e-005",
"733.8","0.0254","5.1047e-005",
"734.0","0.0254","5.0975e-005",
"734.2","0.0253","5.0880e-005",
"734.4","0.0252","5.0643e-005",
"734.6","0.0251","5.0365e-005",
"734.8","0.0250","5.0081e-005",
"735.0","0.0248","4.9799e-005",
"735.2","0.0247","4.9541e-005",
"735.4","0.0246","4.9352e-005",
"735.6","0.0245","4.9189e-005",
"735.8","0.0244","4.8893e-005",
"736.0","0.0242","4.8477e-005",
"736.2","0.0240","4.8102e-005",
"736.4","0.0238","4.7820e-005",
"736.6","0.0238","4.7676e-005",
"736.8","0.0237","4.7603e-005",
"737.0","0.0236","4.7367e-005",
"737.2","0.0234","4.7029e-005",
"737.4","0.0234","4.6870e-005",
"737.6","0.0233","4.6789e-005",
"737.8","0.0232","4.6555e-005",
"738.0","0.0230","4.6210e-005",
"738.2","0.0229","4.5884e-005",
"738.4","0.0227","4.5600e-005",
"738.6","0.0226","4.5402e-005",
"738.8","0.0225","4.5226e-005",
"739.0","0.0224","4.4964e-005",
"739.2","0.0222","4.4644e-005",
"739.4","0.0221","4.4294e-005",
"739.6","0.0219","4.3985e-005",
"739.8","0.0219","4.3900e-005",
"740.0","0.0218","4.3827e-005",
"740.2","0.0217","4.3483e-005",
"740.4","0.0215","4.3131e-005",
"740.6","0.0215","4.3111e-005",
"740.8","0.0214","4.3042e-005",
"741.0","0.0212","4.2477e-005",
"741.2","0.0209","4.1969e-005",
"741.4","0.0209","4.2039e-005",
"741.6","0.0210","4.2094e-005",
"741.8","0.0208","4.1708e-005",
"742.0","0.0206","4.1295e-005",
"742.2","0.0205","4.1091e-005",
"742.4","0.0204","4.0980e-005",
"742.6","0.0204","4.0952e-005",
"742.8","0.0204","4.0878e-005",
"743.0","0.0203","4.0680e-005",
"743.2","0.0201","4.0432e-005",
"743.4","0.0200","4.0175e-005",
"743.6","0.0199","3.9873e-005",
"743.8","0.0197","3.9523e-005",
"744.0","0.0196","3.9245e-005",
"744.2","0.0195","3.9082e-005",
"744.4","0.0194","3.8917e-005",
"744.6","0.0193","3.8716e-005",
"744.8","0.0192","3.8479e-005",
"745.0","0.0190","3.8230e-005",
"745.2","0.0189","3.8007e-005",
"745.4","0.0188","3.7834e-005",
"745.6","0.0188","3.7665e-005",
"745.8","0.0187","3.7498e-005",
"746.0","0.0186","3.7425e-005",
"746.2","0.0186","3.7371e-005",
"746.4","0.0185","3.7093e-005",
"746.6","0.0183","3.6644e-005",
"746.8","0.0181","3.6386e-005",
"747.0","0.0181","3.6306e-005",
"747.2","0.0180","3.6178e-005",
"747.4","0.0179","3.5987e-005",
"747.6","0.0178","3.5779e-005",
"747.8","0.0177","3.5577e-005",
"748.0","0.0176","3.5406e-005",
"748.2","0.0176","3.5264e-005",
"748.4","0.0175","3.5182e-005",
"748.6","0.0175","3.5071e-005",
"748.8","0.0173","3.4725e-005",
"749.0","0.0171","3.4298e-005",
"749.2","0.0170","3.4060e-005",
"749.4","0.0169","3.3930e-005",
"749.6","0.0169","3.3829e-005",
"749.8","0.0168","3.3763e-005",
"750.0","0.0168","3.3729e-005",
"750.2","0.0168","3.3695e-005",
"750.4","0.0168","3.3624e-005",
"750.6","0.0167","3.3509e-005",
"750.8","0.0166","3.3356e-005",
"751.0","0.0165","3.3152e-005",
"751.2","0.0164","3.2888e-005",
"751.4","0.0162","3.2592e-005",
"751.6","0.0161","3.2283e-005",
"751.8","0.0159","3.1986e-005",
"752.0","0.0158","3.1723e-005",
"752.2","0.0157","3.1554e-005",
"752.4","0.0157","3.1540e-005",
"752.6","0.0157","3.1507e-005",
"752.8","0.0156","3.1333e-005",
"753.0","0.0155","3.1113e-005",
"753.2","0.0154","3.0883e-005",
"753.4","0.0153","3.0676e-005",
"753.6","0.0152","3.0507e-005",
"753.8","0.0151","3.0335e-005",
"754.0","0.0150","3.0147e-005",
"754.2","0.0149","3.0005e-005",
"754.4","0.0149","2.9938e-005",
"754.6","0.0149","2.9854e-005",
"754.8","0.0148","2.9715e-005",
"755.0","0.0147","2.9525e-005",
"755.2","0.0146","2.9298e-005",
"755.4","0.0145","2.9065e-005",
"755.6","0.0144","2.8860e-005",
"755.8","0.0143","2.8792e-005",
"756.0","0.0144","2.8845e-005",
"756.2","0.0144","2.8825e-005",
"756.4","0.0143","2.8696e-005",
"756.6","0.0142","2.8549e-005",
"756.8","0.0141","2.8392e-005",
"757.0","0.0140","2.8200e-005",
"757.2","0.0139","2.7989e-005",
"757.4","0.0139","2.7807e-005",
"757.6","0.0138","2.7646e-005",
"757.8","0.0137","2.7465e-005",
"758.0","0.0136","2.7282e-005",
"758.2","0.0135","2.7139e-005",
"758.4","0.0135","2.7025e-005",
"758.6","0.0134","2.6903e-005",
"758.8","0.0133","2.6785e-005",
"759.0","0.0133","2.6727e-005",
"759.2","0.0133","2.6681e-005",
"759.4","0.0133","2.6600e-005",
"759.6","0.0132","2.6492e-005",
"759.8","0.0131","2.6382e-005",
"760.0","0.0131","2.6250e-005",
"760.2","0.0130","2.6065e-005",
"760.4","0.0129","2.5862e-005",
"760.6","0.0128","2.5664e-005",
"760.8","0.0127","2.5490e-005",
"761.0","0.0126","2.5367e-005",
"761.2","0.0126","2.5283e-005",
"761.4","0.0126","2.5265e-005",
"761.6","0.0126","2.5228e-005",
"761.8","0.0125","2.5081e-005",
"762.0","0.0124","2.4918e-005",
"762.2","0.0124","2.4814e-005",
"762.4","0.0123","2.4681e-005",
"762.6","0.0122","2.4466e-005",
"762.8","0.0121","2.4281e-005",
"763.0","0.0121","2.4203e-005",
"763.2","0.0120","2.4115e-005",
"763.4","0.0119","2.3957e-005",
"763.6","0.0119","2.3869e-005",
"763.8","0.0119","2.3917e-005",
"764.0","0.0119","2.3877e-005",
"764.2","0.0118","2.3647e-005",
"764.4","0.0117","2.3466e-005",
"764.6","0.0117","2.3411e-005",
"764.8","0.0116","2.3264e-005",
"765.0","0.0114","2.2974e-005",
"765.2","0.0114","2.2831e-005",
"765.4","0.0114","2.2887e-005",
"765.6","0.0114","2.2849e-005",
"765.8","0.0113","2.2665e-005",
"766.0","0.0112","2.2550e-005",
"766.2","0.0112","2.2528e-005",
"766.4","0.0112","2.2439e-005",
"766.6","0.0111","2.2284e-005",
"766.8","0.0111","2.2180e-005",
"767.0","0.0110","2.2125e-005",
"767.2","0.0110","2.2047e-005",
"767.4","0.0109","2.1941e-005",
"767.6","0.0109","2.1822e-005",
"767.8","0.0108","2.1700e-005",
"768.0","0.0107","2.1563e-005",
"768.2","0.0107","2.1446e-005",
"768.4","0.0107","2.1449e-005",
"768.6","0.0107","2.1486e-005",
"768.8","0.0106","2.1354e-005",
"769.0","0.0105","2.1145e-005",
"769.2","0.0105","2.1032e-005",
"769.4","0.0104","2.0952e-005",
"769.6","0.0103","2.0756e-005",
"769.8","0.0103","2.0575e-005",
"770.0","0.0103","2.0670e-005",
"770.2","0.0104","2.0804e-005",
"770.4","0.0103","2.0646e-005",
"770.6","0.0102","2.0413e-005",
"770.8","0.0101","2.0352e-005",
"771.0","0.0101","2.0314e-005",
"771.2","0.0100","2.0122e-005",
"771.4","0.0099","1.9966e-005",
"771.6","0.0100","2.0085e-005",
"771.8","0.0100","2.0171e-005",
"772.0","0.0099","1.9935e-005",
"772.2","0.0098","1.9689e-005",
"772.4","0.0098","1.9660e-005",
"772.6","0.0098","1.9651e-005",
"772.8","0.0097","1.9561e-005",
"773.0","0.0097","1.9452e-005",
"773.2","0.0096","1.9347e-005",
"773.4","0.0096","1.9217e-005",
"773.6","0.0095","1.9041e-005",
"773.8","0.0094","1.8934e-005",
"774.0","0.0094","1.8960e-005",
"774.2","0.0094","1.8968e-005",
"774.4","0.0094","1.8891e-005",
"774.6","0.0094","1.8859e-005",
"774.8","0.0094","1.8908e-005",
"775.0","0.0094","1.8856e-005",
"775.2","0.0093","1.8653e-005",
"775.4","0.0092","1.8512e-005",
"775.6","0.0092","1.8481e-005",
"775.8","0.0092","1.8409e-005",
"776.0","0.0091","1.8265e-005",
"776.2","0.0090","1.8165e-005",
"776.4","0.0090","1.8098e-005",
"776.6","0.0089","1.7844e-005",
"776.8","0.0087","1.7471e-005",
"777.0","0.0087","1.7435e-005",
"777.2","0.0088","1.7678e-005",
"777.4","0.0088","1.7679e-005",
"777.6","0.0087","1.7469e-005",
"777.8","0.0087","1.7377e-005",
"778.0","0.0087","1.7437e-005",
"778.2","0.0087","1.7489e-005",
"778.4","0.0087","1.7494e-005",
"778.6","0.0087","1.7500e-005",
"778.8","0.0087","1.7505e-005",
"779.0","0.0087","1.7511e-005",
"779.2","0.0087","1.7515e-005",
"779.4","0.0087","1.7522e-005",
"779.6","0.0087","1.7526e-005",
"779.8","0.0087","1.7531e-005",
"780.0","0.0087","1.7537e-005",
